arrival_rate,service_rate,servers,sim_time,avg_wait_time
2.1854305348131313,9.556428757689245,3,166.9536500409154,0.0
2.5442058749859484,5.937428061443379,2,198.49403485849177,0.013282848364074725
2.6917786346852117,6.456276439758797,2,174.39986077119255,0.009721874541946372
2.743568597775691,4.4660810791225005,1,121.39515965174839,0.2904692818761981
2.9551333220111653,9.835366082690275,2,106.32033926997505,0.001409928714833812
3.5199192068868923,8.248870387413811,2,69.8606920244682,0.0070050533588718105
1.2627684133972639,1.4587738932019816,2,169.62710679447287,0.320683522682361
2.006550688508056,3.823328122814406,2,103.39366602059607,0.021189663724121063
1.306237632305679,9.020260826141584,2,88.21230610050782,0.0009529934156251441
4.995722741466403,2.982946540938243,2,137.75527530779928,0.7964827966123676
2.6467170133070956,8.514094855279524,2,123.76069145284842,0.002490197992240398
3.5060875363065196,2.5901408275867466,1,96.88154783550833,14.385389785663364
4.92075749532905,2.782278519679843,3,56.0487859581426,0.11490362078080862
1.1329400265515004,7.449687430318282,2,125.05004835140336,0.0006113699512461415
3.6695883041245856,8.224891043158342,3,119.15503521467181,0.0001634800508797868
3.3974056739980685,7.86653990660405,1,182.91109506432878,0.07319582475676167
4.294995597013719,7.462055890968831,3,100.81118944302227,0.0003998966850953747
0.585946759287717,1.3068612806794324,3,73.33854865775118,0.03447884297453512
1.9536961307837108,5.174025376248306,3,112.68765272471569,0.0005393498717111078
3.730907903091732,3.799093046403341,1,148.23579531767467,1.8880933643051439
4.327038130027057,2.3070958216870943,3,141.83978430948144,0.09987305706324401
1.3466675684595002,1.9256407485562428,2,183.6575925395802,0.02419660875699732
3.510282387922812,8.49036597373134,1,119.90052715295194,0.07499890772973278
2.257882946619526,5.247441357008128,3,146.82026382772514,0.003555797016430492
4.351891371778146,9.051022025896446,3,63.70238407558713,0.0006556398120165122
3.8479627372085092,5.375482196082838,1,78.67745586459745,0.27986075460919196
0.7201032137531916,4.559652487968014,1,70.08094536691178,0.02726623801628852
1.6914814908227431,4.673126207871434,3,171.4368891372477,0.0
4.041812762257692,6.613497723512651,1,110.68877495688241,0.28939589262900123
1.4190842986167276,7.478003141402229,2,118.22446586579746,0.0001999350744644509
3.0892176662447386,9.80288307384142,3,66.52040429780733,0.00010552511488661374
1.989402913571237,5.527559649276865,3,103.89153736468396,0.0002508534709227776
4.467267234454272,3.9619308794299175,2,62.705122202197344,0.3438533024028197
1.4241554768242937,5.496031091393106,2,70.2605534458901,0.010672665818581553
3.6872457154575624,8.360989679158743,2,166.93866440113158,0.004502002581457068
4.082961960580553,1.5789177507614451,2,88.25891787042124,11.439346748830165
3.1321449262617334,1.7755002406127351,3,147.35542638777827,0.21887368051833883
4.472746854527161,4.644362979463846,2,173.09638209474343,0.08562921642462407
3.3850029941135578,2.1818119256069526,3,93.87179625619939,0.09367452755249031
4.90382353022339,3.192422880548312,2,136.46397573562052,0.3933700881122002
2.344279407347957,7.424114054424502,3,199.05952924144043,4.9301663149904335e-05
3.519469161628678,3.103377745866589,3,163.4720869964844,0.02911319753750554
4.632961944502035,7.476639170645272,2,191.33148141830898,0.0231237669141376
4.745206358194008,9.496924792940954,1,103.84413719514309,0.0706897034441701
4.682445007188405,7.68256711009955,2,121.40082195986956,0.009827468301753602
1.9444037269267618,7.812373898640231,3,50.83018563695287,0.0005769232731718132
0.6673303027996709,5.72054220748521,3,111.41514034284033,0.0
1.9905183024064248,2.9617946195677956,2,154.40844938993652,0.04531837137790557
2.19083247245641,7.225871947154918,1,116.85592167804913,0.0716224378490734
3.376276535469481,2.8980727830018695,1,164.48348797513432,18.06069157467466
4.302149287671936,3.586985918152766,1,129.15812020541796,8.235559954597903
3.935011461318421,1.6047030827792796,1,81.54102261565288,20.452731300060083
3.2759503778881207,4.887564824684771,1,55.44419854593492,0.31580494430063527
1.6704242028007021,6.2357795974074826,1,73.71613673583451,0.049075924573293635
1.1539766389539023,6.4154415748466285,1,135.22063697365422,0.033450344449403105
1.0994097938618923,2.1788424387390455,3,140.38115675909128,0.0010419160154299615
0.8231990099261521,7.421724466983753,3,57.58449861589586,0.0
1.5578205480899594,5.12529427933692,2,145.81882847310266,0.0046200568673193726
4.348139835834834,6.335659252528423,1,199.03849958397777,0.29836153273518096
2.8217526270182858,6.0811783020741705,2,104.78281312360517,0.01400796413527628
4.883436359351549,8.79847397780649,2,59.06555795354084,0.008767043373853766
1.0667773305246893,4.67433703862096,1,183.88510953730056,0.06362130220737039
4.123430257573244,5.780099910678166,3,78.52613389929158,0.004493413307665657
2.1618823414924373,9.59242930889767,1,159.27088025148123,0.039259280838708874
2.580710273222529,3.787094621225112,3,93.3803452964112,0.0019597244465491773
3.3789934581968355,9.798583809478961,2,165.28226256020855,0.002308843286903764
1.9172886032014924,4.8070078236857965,3,145.79618000230636,0.0006630674141965783
1.496032033848441,7.731802618851227,3,56.46091787235018,0.0
4.077617873538524,5.772234960960711,3,72.35663453906288,0.00263118219783728
2.77137739069613,1.1647668773812936,1,130.1135616119508,33.95362713747142
3.8651595428695256,1.5715973447939295,2,102.94126989638241,7.50447896656382
3.664183782035442,3.184715701676434,3,194.0103883143129,0.029016779542205724
0.8288839639354697,2.120521405493358,1,131.94985317020218,0.26662298865756756
0.7779661394053036,1.131570214000504,1,63.817198940139306,0.43144094341879485
1.1322143493936148,6.357120183589077,1,106.75792341533037,0.019847205388590205
1.6114395875016885,7.310985161077433,3,174.9010710630802,0.0
4.6455278564327385,5.009290168515004,1,65.46587139834307,0.906564562351985
3.698155769421033,2.622355316652587,1,167.56273539377747,33.19831574539871
3.8014504743069004,6.517474236802953,3,73.61458852726462,0.001225007737512247
2.4906670054870226,9.300626654450017,1,182.69685925961576,0.03830693632688457
4.530748580303723,9.058924083537832,2,117.21708433941173,0.007210159745779591
2.2949099948317295,1.430012225755843,2,58.37593845351028,0.39488315976150934
1.4585540179537928,1.0957430164677593,3,81.0569883919069,0.03867623106837975
2.3687248073706986,8.639720525913802,2,149.2645224390572,0.0019548948590914885
4.566655896791685,7.761472999907435,1,170.76988473970516,0.17598127443276776
4.6499297566505415,9.10155271790462,3,161.3967804202619,0.0007479751810914039
2.8113874601290383,5.107220993230009,1,50.57147037404694,0.21590971627165328
4.9715748836760705,9.119169737795042,3,125.2937646918547,0.001002013437519079
0.9380826636807038,8.664535625136956,2,131.81927196658538,0.0
4.143589439674519,1.996752484807367,1,117.27147477379549,28.98454360787289
3.0554612462676998,3.646983862382901,2,126.94474440407973,0.06014931517130865
4.1665973538046055,3.6946456751619965,1,162.31588315902457,12.683000667640208
4.1752669062978995,2.450851975247441,3,193.10344421750793,0.15765450722487093
1.3445084066697572,2.1516323794553873,1,134.47098356768754,0.8113669302098128
1.6463061586359224,7.143113615443195,1,184.21867327164733,0.040054411256861336
2.5506701410790806,9.975631714831898,2,58.79072173308301,0.0
2.1837336056070917,7.1941504271155114,1,50.40689628924688,0.023522988576905542
2.9356497411784304,1.3436434559647614,3,195.7996261920238,0.3062821424753527
2.987444046414519,5.505610216614175,3,61.14466899902226,0.000573066508165658
4.936714664339134,6.2809390238085525,1,141.1676214509618,0.6705917311665059
2.9001757769159746,1.163174912767129,1,154.53458088740004,54.384302925753644
1.6336650183599204,6.797464816880224,1,120.45757806595647,0.05847982714687818
0.6877905337114358,9.339350771147636,2,126.3016887136177,0.0
1.2315663689071132,8.868652294405564,3,183.8504043287735,0.0
3.6064456033098464,6.984555356282779,3,84.37252982517279,0.002090901951622924
0.7039143376237336,3.0716930975810457,1,114.00083731806596,0.11504481914617293
2.7556426770729394,8.834882617594523,3,187.7092599329401,0.00034435429314700537
0.6135172071483987,5.553527238834968,1,170.95743604349252,0.03274769027931963
2.027781160701206,7.834589157923114,1,61.68567020298895,0.019145876291257306
4.302293482157912,1.0460712984038145,3,179.34838121046266,26.12130819488679
0.9399195680287171,9.623787785210773,3,140.96665720162912,0.0
4.157543898755762,6.8117105302434995,1,62.955566471082676,0.16997803692578586
3.674063723865972,2.517946853707376,1,62.84830385652731,12.120818502130675
2.362841344940887,9.450511703061249,2,117.58354099424119,0.001918207429362935
4.182501030189093,8.305783607803004,3,156.60972549858798,0.0005194579654173991
1.4736625614846566,5.633761596836174,2,92.8874674456434,0.0011419775402823058
1.5032126243782642,5.303664927935162,1,156.88096876201396,0.08446706642179223
3.924367289138186,8.798822761380508,3,82.42625500301409,0.0002885262252300635
0.8783772632062556,5.122060590109341,1,181.63048565070252,0.04593736993791194
3.9728939799004706,4.281512529558054,3,180.50543861856704,0.009030584596075534
2.3767414985622706,5.437220958950444,2,60.82135661317434,0.012007173803047732
4.044043474837427,8.345229231137196,1,128.39271437262664,0.1463951099020668
2.224502791259653,5.370522776651588,2,172.7578387599903,0.00594393126424454
3.580972946979328,2.5774259538933784,1,139.5739871175451,18.905801167728402
3.106863697285561,2.453508089997384,2,140.38561046501684,0.26913461167757813
4.079794098340191,2.7017419077137124,2,61.19077714266848,0.7277139750174637
2.114583370404066,5.827585104296703,3,118.29339440132254,1.1017792076870433e-05
4.760600592319223,8.16248042989239,3,134.35555948032993,0.0004817175577493492
4.933124842412991,5.738103285063361,3,93.18865664270268,0.007179395015920672
2.995430344818825,5.635146155881307,1,78.63006230771859,0.19910353654854776
1.9372486449809219,2.263069567113084,3,159.17625884066572,0.0023640729742125588
0.8486376578000409,9.576213334456614,2,100.80269907953516,0.0008142421617117838
0.9092495212178937,4.184488415690733,3,68.23598993642993,0.0
1.0927910303610566,3.2329482455125897,3,135.70967041193035,0.0
0.8918045782714658,2.4843425133711543,1,186.52597111296544,0.21588913680657407
2.9653391582578315,6.866234561381619,2,134.60251784651996,0.0024733269228747142
3.3490129985279298,9.226336641310658,1,182.25653587221314,0.04724034517682577
3.0690860822234742,7.4487445538003865,2,130.98806079195987,0.0038572355248996373
4.604471511875718,1.7330550954837762,1,121.00423893388756,40.17264221730314
2.867376919787524,4.816356170991496,1,111.1827917499579,0.2734376088055758
3.071357484432312,1.9851877671293998,2,129.84280774195636,0.8359334002860552
3.0636122782618807,9.064365830160252,1,122.50186412010777,0.055117436429372335
4.943844771857727,6.64808162306752,3,122.06029036511394,0.003224317428664316
4.269743236179707,1.7886011819364331,3,125.30484386962898,0.24894584745048964
3.559249656948733,4.139501222763033,2,187.56588841111247,0.06431732544653583
2.1985164992096005,5.720895126974089,3,179.9515031423007,0.0006512605778441461
2.451004641252027,1.2087430259004397,3,69.2601731365313,0.14244693290879115
1.1024829309075836,8.055492002630938,3,126.25240799011523,0.0
3.278091732988624,5.865161949499678,1,114.49402314177831,0.22604808669814025
4.504150958220787,8.54878913372087,3,145.29716810886936,0.0019253212912712292
4.385764905918752,7.318691326904603,3,111.56668819648638,0.0004339884265574866
0.9954056904577391,3.5274079241977185,1,111.46974452703138,0.08084897297669981
1.8623982246847448,6.952564674892639,3,132.09858423608873,0.0
4.462481960585862,4.148701435371214,2,158.56099116727165,0.05758643487147147
2.6076981098740872,9.881727356102978,2,90.03536607891434,0.0016899833730719285
0.8158667201732324,2.483962131676017,2,171.933368804207,0.015327314924452573
1.822859370240595,8.749892466084493,3,115.98005676828214,0.0
1.4656709528125833,9.933504721246996,1,141.14636604034968,0.01607485452534101
3.7942735827793728,4.102105113122752,2,60.486941811160094,0.11034587118658651
4.565661964411669,1.0510086370271379,1,187.00204244628023,65.6328105551207
1.5964311441725374,4.672052799581854,2,170.47718688502906,0.017302129174717417
1.4074667898244613,6.428171286249661,2,109.13944911791988,0.0016834537793902174
2.786626316876852,7.090420108675352,3,87.71700775010181,0.00026317301860490175
0.9323662290198742,7.9635313022455545,3,143.04134490679058,0.0
0.9088434254453555,8.759858492679577,1,187.1467737878583,0.013757388691176427
1.0812574696939024,1.3159669274035934,1,182.88112894250835,6.166903366501148
3.5782514553254465,2.2588354477012214,3,131.29012726856007,0.061327194083117674
4.450467141856136,1.4248330353411578,1,172.80617814496276,60.276885897318586
1.4140377836834674,1.751443340536752,2,151.69505030794355,0.10704051296115873
1.2101691826720253,9.125294220180438,2,133.11548199630695,0.0002951148013888339
4.988919319643897,4.489308926582534,2,87.1746347114831,0.09463484607881849
1.8728877014896308,2.8395752216421557,1,162.7433612472917,1.2694465554027825
2.7998071687533543,2.655932757144268,2,90.77864006714198,0.083979698684271
0.8298445043704252,7.392493968216528,1,56.02728207324105,0.006902571856905651
3.1518603866870216,6.4389780590148264,3,112.78855060390349,0.0003140810319449967
4.187048650265094,6.244392580773775,3,196.6052595134288,0.002783209406797589
0.6545460572649039,1.6407947468369348,1,110.41864571800551,0.46581142888592214
2.4340184603734123,9.773228264855115,3,123.40699951978675,0.0
4.812561162542183,8.584310554737709,1,61.12814748308895,0.1301458411025464
3.2579444129599358,8.470395727194227,1,164.20264841409286,0.05715356147580955
2.967546987224864,7.991126975241123,1,108.27653957283295,0.09375998527746976
2.823523307880538,1.9266799952626141,1,55.89075007287844,9.289752696624207
0.6573943865222673,4.53357865871451,1,54.187388803721085,0.0189744966053339
1.676386190325547,4.713056983350552,3,70.327125498743,0.0
1.306405632333918,7.180186966646158,3,192.9178761033676,0.0
2.9260027177377093,1.1564231996421177,3,195.7214465512824,0.7097435316597244
1.358853911969273,6.171625319244972,2,142.13134713750912,0.0020489302023906316
0.9016879428250248,4.373084285150136,2,172.30159338326223,0.0032005264511544926
3.2315254951676655,7.435637632779333,3,156.61007276547792,0.0018872194864880966
4.222017076086678,1.3977218322381209,2,135.37992372765524,18.953649429681953
3.340907319033005,8.39759557936252,3,159.65611247067926,0.00042137709460829257
1.5568088802291333,8.041280413439804,2,180.21897372327504,0.002614230517244087
3.6818132679272075,6.367502964498897,2,143.644075996936,0.009606664499197367
3.9964909549314664,7.740067195162229,1,172.62073388585526,0.10226483038469303
0.8734833150713537,6.647249692110451,2,145.7677003581343,0.0
0.834890430229658,7.37363983372922,2,73.16522500561662,0.0
1.0049576310477848,6.373616121088354,1,119.12266234733748,0.0392114845811956
1.8919796005799245,3.9830859538485806,2,136.7796966889383,0.02567879925279474
4.498630989913812,8.115403601115089,2,172.69533273971655,0.011572910486231868
2.9482105048702243,1.3861427309668504,2,60.5725367708323,1.6796282073964917
3.1795265648022895,3.4084505733499912,1,96.85880471688827,3.1894732653134183
1.4507811767065615,5.711442898283471,3,88.00197779480924,0.0
2.441775487235145,2.059119589541456,3,155.15726845985313,0.03946010796918603
3.6914998590134473,5.969086957299755,2,93.27531952069788,0.01180014850108215
1.8835986688460389,4.969983149006296,2,100.39880336417981,0.0054018516295923965
0.7030181909235929,5.452373417112413,1,75.13611437527824,0.014642818901504448
4.171705803534291,2.0844162944795186,3,151.48833469209967,0.2744264065787888
0.5338659671081771,6.023368840867093,1,154.0440686732016,0.010118775859993314
4.92087986057256,1.3973886824987782,1,62.94429153098735,22.154960814247147
3.709008413843324,8.188472597220938,1,185.04424604875726,0.10020525392258324
2.9167885735420866,6.9026082664138535,1,94.48376722755035,0.15947910552870675
3.9586939649433917,6.362420725589732,2,128.1683900440874,0.0179531873266834
2.309632519520964,2.457866438594478,3,61.59702848285834,0.017849835713371932
4.583892803117607,5.200112245395283,3,68.29163155080808,0.004566477381514165
3.789058219468484,2.9885540237541477,2,99.13579174770335,0.18842698978095446
3.9143637866277285,4.143911394010763,2,58.18901783488904,0.07156743511266965
3.5706619226303555,6.34157297060908,2,66.84420584326367,0.014301304368102124
2.056359741258202,6.805508586479559,3,70.49013118484746,0.00029699082155213016
2.151364087860755,4.117324129901706,2,61.29783151033257,0.018241285442706177
0.5247928949053879,1.3933242089887035,3,89.23871437838395,0.0
4.241898515557374,5.215503669156167,3,113.46835595341224,0.0012514809531060506
3.013802905856691,1.8628917633159578,3,132.69152559927915,0.09220658868366861
2.9201371067415827,8.580780980062563,1,93.09874542283885,0.08786793905970054
3.6106559875197277,9.263967875996995,2,124.23198262674453,0.0034197845625589967
1.6164701035776474,9.679916024882768,2,85.52843685161423,6.606553667883839e-05
1.1691698260539298,1.3525539076534652,3,65.71547528266241,0.005150718043719325
2.2809533652262743,3.034853583390035,1,145.53991331408713,1.0543999037669551
1.9312510002231713,2.7002475120192972,3,171.51873511051673,0.00528945642310162
2.019841026299839,6.787564235514925,2,151.70691987438096,0.0011668267769035753
0.8900151327079362,4.9123268211153635,1,103.60744703544088,0.043114543396923354
1.6441134905737664,3.1224286352662696,3,176.25468759613636,0.0010280973602840554
1.4527377444381433,5.194917652661207,1,102.55815794855063,0.06565596150453422
4.0490628072158374,6.731994280101619,3,117.01743559571027,0.003142801537063568
3.893159151461392,9.310961900180587,1,151.66223599970954,0.07121797567299801
4.759898358073436,9.966894713582962,3,148.44825214084474,0.0003580402493124073
3.377843730406959,3.309423946700607,2,74.61364580883685,0.16612634586932304
0.9461673423418587,6.210610710334753,2,70.62036039753058,0.0035631135413332782
4.220057839223157,6.608768456261939,2,186.7086309970639,0.015892626589592083
2.62604090974649,2.324985612650079,3,77.96775873405305,0.01593797066892198
3.2296478125194716,1.9989308450746885,2,122.90722087830126,1.034329970327865
4.3461480885242825,1.5798144886217527,2,96.99563884438913,12.079223720344837
2.1789508759364287,3.289208048180431,2,123.80175844280576,0.027154115019227317
3.83939820534224,6.752025831912435,2,87.30225927038401,0.007045399139010115
0.8424773683405881,9.797841617196877,2,88.50705675439318,0.0
1.6886786608838795,1.9525885823301001,2,133.02829995635244,0.2657125851091382
0.6963300321279705,7.815669028717133,3,88.77666949804748,0.0
2.6750461723304126,7.5341029764727425,1,113.36054800258218,0.0550066834439359
3.901322792383983,7.1524443814562,2,181.84696817215283,0.007931808053923848
2.257652534620288,4.822621650976151,1,51.660461996353476,0.09287833766418233
1.5618201799503164,2.2831140295597363,3,50.99536703288156,0.0
3.9088348424619537,3.0198978370222336,1,161.70608724300791,15.783875601930873
1.974004196229068,5.457034600254282,3,84.25817685129292,0.0007559967873635585
3.858848731220791,5.6345140856746205,3,195.8716086551717,0.005846017876859329
3.7235714545950716,6.364177147559329,1,52.920440296820516,0.07702030527709335
4.842619455540658,4.503661931469957,2,197.85389186061013,0.07179909590820781
0.7653988830820135,5.985926303542543,3,97.64304717756687,0.0
3.322843774501298,4.555044937808802,2,66.56372698110667,0.021267541226662457
3.051127467182722,9.340523160673133,2,143.3107881691311,0.0025438906506214253
1.8848358482806273,6.509088332982479,2,87.05048865220998,0.0014071064072362965
1.459392216783558,4.291045540640132,3,73.60585333041098,0.0
3.56130817560789,5.332071342701531,1,60.47950818541837,0.2975528731223521
2.60144550811637,5.924956629326983,3,174.1992877427331,0.0004758582001566256
2.6427168805748664,5.041564504624373,1,104.00939422205656,0.18026859726728214
2.995180054454784,2.720377841043789,2,52.052124921763884,0.033483751960477606
3.6412059841385913,1.532619707319852,1,65.04818429834471,17.326799220831997
1.1870305305934936,1.4641817244532516,3,191.85496337050867,0.025450828211883915
4.565117847342325,6.191526627900926,1,123.51102765308016,0.5502706088634893
4.775348686202264,3.3229437069331857,2,121.6231855248976,0.251342978570468
0.8758044225265799,6.953230840818086,1,128.15292139914519,0.02224596701724642
2.3490278053735616,6.2881556400822065,1,66.37582647292015,0.11428774297585836
2.9418716435975636,3.3491142409702297,1,156.30440584583766,1.580462517771521
3.119848768444161,5.6050063993792,2,190.92772830500982,0.02779567234718574
3.0277249531802943,7.293475379085011,1,148.95298444465232,0.07395464189801572
2.4087754409973012,4.342345565227571,1,77.83477491418545,0.35124831678478363
1.967902586101956,8.86077179493882,3,182.21926740771679,8.318626233084892e-05
1.301305976793453,1.6628600696341054,2,170.43439182620835,0.13873288393724525
0.857077963596399,2.9578825939452043,3,191.0407519399335,3.144726125073568e-05
3.1098677321002786,4.002841132321231,2,181.44375707150323,0.04056573749590254
4.107775426640208,3.9167397528654355,2,67.32718436646707,0.04953900356680031
3.871609855173272,9.22835677482561,2,67.36806534557402,0.007154070410878012
1.5096547770195206,2.798630532527505,2,186.2974194579208,0.02844298236482481
4.87653124046775,3.49328957273466,2,134.39084209664577,0.13982658532574674
3.7821929545789517,8.394772723459347,3,88.44203134473032,8.635203305710586e-05
3.78217782069468,8.015590324713381,2,64.41130773231015,0.005179753409594412
2.6075427633130674,4.454442373251866,1,182.60863938327694,0.4101968861986975
1.1248961073237749,5.286700052670336,2,124.1291175568407,0.01168072769023101
1.539165785615105,7.84362752535133,1,119.66704578167102,0.022864817428393924
3.689364474463827,7.616939851197541,3,107.30984195552494,0.0003542312109144446
1.3017316454971846,4.009340083422755,2,103.62175989042339,0.004279103126557322
3.6762844838925863,1.4783119915980714,2,76.83591528849894,14.855798325303567
3.1400726107277825,4.643901311142443,2,190.01532187832504,0.024575871420625412
2.865458535835351,5.248977872432927,2,185.6435547422826,0.011345157430795318
3.0193617818503897,3.9278869954187625,1,95.99612468949556,0.7500192957275686
1.988551429411876,7.830529844226543,2,114.33546971489015,0.0007946350950519128
2.469103737934617,7.598765967946249,2,129.3947181444505,0.0020330853782728918
4.133982096901054,1.5856533707058482,3,106.22964366922298,1.0567004018598458
1.3058620563462173,7.2792926876187956,2,141.04947088659225,0.002137878801009892
1.3397923029247545,4.256934211353064,1,103.06770306863208,0.17754640026877372
2.5470088817536802,2.6070229402783314,1,145.5471192009881,6.223052330296842
4.535897916991457,9.181576953134009,2,99.39497872976393,0.007787537085368519
2.222394203230542,4.995444785068036,2,149.9945378907189,0.009005322504097002
2.6493105101954653,2.7130486461709626,2,77.19600365490953,0.11615757341520164
3.222187747512667,6.375444150028651,3,171.99178045312738,0.0016757702523932973
1.4026583200373581,1.7875616789571538,1,97.49514074517506,0.8429420054544841
3.6618592303050215,7.9073320897236,1,188.01236102909155,0.09126139523576962
4.358169187484915,1.8264510517989874,1,117.9547889438841,26.21597210734099
3.5043702227624127,4.104689250141021,3,161.20625418421173,0.0025362173799395905
2.8743531830456357,5.875299446568161,2,113.51527472342903,0.005261920050069855
3.107311545379158,1.1772346887143847,3,183.14508205625043,0.8638973055616871
2.808601743374928,4.886299993904765,3,102.26106123103679,0.0014135499047803807
4.58767682518511,8.91346462898828,3,136.6457167118125,0.0004913138815516948
1.3240474801778614,4.400677271841969,2,115.55080932616242,0.0007841011405628461
3.854057801456277,6.322926358242801,2,120.62546810725664,0.018563702967693725
2.1072390785954918,8.424647926883635,1,61.37314810785989,0.01495833127502096
3.636825303187642,9.441641737301556,1,91.50087830426241,0.06230022472925358
3.3663861291759507,9.385676624535693,1,98.8573893941115,0.059006658629780655
2.4476390112086412,5.77428651501462,3,140.03026272136566,0.00014528595510678458
4.878281418992785,2.36460020294596,3,160.60188995543945,0.3295331745619957
3.8725614815946883,2.1134518244884775,3,170.49570855786837,0.13752683515365705
1.5970039582458015,6.053488586811123,1,173.15185111385875,0.04994603356565939
3.916037489108296,2.109124438814265,1,55.80842457938941,11.195277069973992
3.591747431324262,8.225449678523056,2,154.89067506731342,0.006761127683334786
3.195902001016172,5.198873227611737,3,103.19208753412468,0.0010054802863963717
1.189262996298488,2.7825709863594135,3,140.24646891018068,0.0
2.1523795998271305,8.35116348699174,3,62.66898081643629,0.0
4.751891314901259,4.20120843790119,1,79.99578740941028,10.381577459869431
1.655743045563506,5.918549773309796,1,112.89994647045884,0.09570001367360258
0.549309950399486,8.764856521955098,2,53.65396551014868,0.0
2.113292929316071,8.256018394543833,2,119.52402659952496,0.002693707114588151
4.866106240741036,3.6939824682449505,1,75.35824191071923,4.88693376786813
4.013567036948881,3.5983907824041266,2,172.43852277520995,0.08986051994135708
4.279582437230824,8.003081875038028,3,58.10529741796533,0.001153570760165583
2.2573721400510944,8.027949120499143,1,189.04674698838545,0.046851949979518095
2.188339081515449,2.9897303256650156,2,64.34180539404055,0.04578233374600075
4.214135082236487,1.8077352353051364,3,146.75859309047814,0.29697716546977576
3.2903938454202777,2.3751347689869204,3,66.34207147862743,0.03349475858186479
2.6832931257114256,7.099607502997142,3,142.5979881881061,0.00040380986755912766
1.0908282768165627,1.2844691195159075,1,71.07397386504847,2.3449562220162306
4.552712380306069,5.254656375011098,2,130.7313369519074,0.02946222810157894
1.321396270782146,4.41275453591069,1,182.48486943697355,0.1020574352390786
4.636412387603155,6.35369160576325,2,77.90183325738866,0.019387831789190846
3.0050504561267095,2.763952005326565,2,164.47803452024664,0.1942523332196823
1.332324587339634,7.28012189271522,2,114.58952344615733,0.0008491083483718236
1.9475869116907092,6.245139110075952,2,71.05764204605683,0.0037340343862235174
4.345011741096648,8.251449846807356,1,65.8992076190811,0.13326595812854924
4.015444686799292,3.580873177194272,1,113.40073004429374,5.167112407801612
1.4350681696736052,1.5656259666627692,3,73.07121079431047,0.0326786915277308
4.161216698218621,6.640589961222703,1,67.40134452636721,0.2760987845818773
2.9783489006306776,4.856964724109001,3,178.04733683454828,0.0004920809703917241
4.691473820672066,7.8946112472669245,3,95.5861804823794,0.0009281264893056441
0.8265609478376279,1.6016118578747456,2,145.65737581307468,0.10649352769474642
3.290048296303026,6.565454968869168,2,106.07701517874159,0.010995243560342089
1.6501370216794182,7.121076082425229,1,104.54279632507485,0.03749059262985746
3.843564163301882,9.159651483649919,1,129.30789825635856,0.07484383610672384
3.645529818510504,7.120926190520065,3,120.84514000045152,0.0005690256097101433
2.407392378292439,6.192864312963453,1,78.86109952626047,0.1381119120785099
3.6210315015894334,7.94232064100909,1,148.86079642179584,0.10004840877440961
2.066866887429602,8.564856861283317,3,55.82930171051664,0.0
2.568053745563171,3.4102192342431445,3,194.83542960759112,0.009442679366179114
3.3868408740264586,7.244602980551716,3,51.05619414745421,0.0007458566550294026
4.291881748112539,6.862552745643999,1,66.20799363780085,0.4518093275754421
4.140635657004499,8.849718398251294,2,153.14098313485755,0.005517571139730317
2.643498003849825,8.482718179035572,1,58.53880805095123,0.07303814327663657
1.5135277967548513,1.9097139622565793,3,119.53267408069715,0.016454171571818
0.8110935079892991,3.828972045095273,2,197.9387829348481,0.003846626334595553
3.8266254100375723,2.186127775068477,1,91.95045875777205,18.86335529858216
1.5929400800547406,2.9717620207809334,2,156.34657776759354,0.030366353441035027
2.8350373564971427,7.080197006641709,2,156.69630462197608,0.0043521126724896005
1.5899681658052223,9.298469424291126,3,115.9627136271044,0.0
2.303288745463326,4.616194702387455,2,81.7819490678464,0.013877162852025596
1.6482832175196704,3.8098507667735015,1,123.29260066777444,0.13213622118056037
3.105218657276406,4.140637441125496,2,68.540719057977,0.05081162998271883
2.402004534968327,6.722217553568597,1,180.6829195465231,0.08437110892425898
1.2630532733263744,7.569456919484124,1,99.69495359042652,0.021400616968487746
4.028305127973946,1.1820908335670062,1,51.93076059680606,15.500695555509417
3.649840393097823,1.2985957435068878,2,127.34581543964146,14.936787096591123
2.0257655494776685,2.393864063052016,3,132.86231779046824,0.0007283231221249536
3.401888978533514,2.1013719425306405,1,188.6019468692609,42.13981008999433
4.05116415795294,5.103113011947057,3,158.47150417441236,0.0015170436847246642
2.0558195180226564,2.0080243190277764,2,98.15632145759272,0.09840267286585003
1.963980078593254,6.138265215824141,3,198.5786247767649,0.00022650117047923643
1.4741232843459795,5.069842474689006,3,151.53241296944566,0.0007587283550682162
0.7487839690335265,6.090202849142845,3,71.55894398737807,0.0
2.589952066874514,6.217309308296295,2,128.84662436840057,0.00610687949820661
3.3886196094799232,9.779109942570106,1,56.775170868805475,0.062482376685407945
0.7942388229009559,8.844014079879017,1,143.39224217181822,0.018273198610180136
1.3270590389909018,2.0419607693394726,3,68.63705599684954,0.007740400620907989
4.050183905754933,5.292208783805123,1,160.72690783395382,0.602338422607658
4.3417581794886075,5.518117793900665,2,171.39222855247965,0.026878445886257638
2.4818694026654127,8.900612833861132,3,56.98662017220445,0.0
1.544500320894179,1.2828931220335833,3,108.3644537105015,0.053124022839445964
0.8758987071281206,8.9958487527728,3,123.00888322081066,0.0
3.2557569908157196,2.859612316630212,1,168.3782357947632,13.75120950295472
0.9810397083750853,4.335346895244292,2,189.76017729070995,0.0015774683738520802
3.4826542260733637,3.68878018426626,2,129.06824554022177,0.0507513769743247
2.586541238009826,9.930095912347069,3,52.56809098236275,0.0
1.5870929392650943,6.294400913039623,3,170.75626803934887,0.0
1.5549617571082532,1.6546082464887117,1,168.37871538053878,1.5712202388981713
4.415417957511701,5.7300007317628046,2,68.16395210884248,0.024743324576212703
2.395341885663061,4.519527781385658,3,94.02285202840218,0.0026899117045015458
4.449981549851797,8.694344402731367,2,110.26830631455965,0.00493432500204606
2.7568155861236256,4.211179114458206,2,75.48298429693087,0.011433375102274088
1.7696271027062553,1.1080820772236328,1,160.48686466595422,31.792766111531712
4.950692854797923,5.829262688823263,2,64.77961673465235,0.029156040234371624
1.2579231257902104,7.4901652614022165,3,178.78627861718485,0.0
3.745647735698079,3.328450020691132,1,128.08142003029883,10.060592832038092
3.2879907758491003,2.172995302077968,2,141.85792373207804,0.5601440611983441
2.1555621399947884,5.409169857762755,1,158.46068618952867,0.13705722126082065
1.2471952243466682,9.012572718216449,3,102.73013070829857,0.0
4.40728317509722,7.918237524455141,2,171.37493120330242,0.01099803283844867
2.205471306195392,9.583613760558666,2,184.9104356839298,0.0012153820156730667
3.751196082472787,3.1463338581879015,1,134.4532395180451,15.457561544518203
4.292277506124423,1.652721074280569,3,179.10296866300615,0.839517176414886
3.7853884778980373,8.936725360774552,2,177.35198064417034,0.0061638094916465725
1.796843843335164,3.5858970650202933,1,53.258249285338785,0.09409240359553449
1.2033324718782263,9.635503557186885,2,175.416054652879,0.000532951025007119
4.9105268339373165,4.055036758504029,3,125.4631725535514,0.01598696516178539
1.6635127002076484,9.311405254463283,2,76.87877568157225,0.0006290616955906468
3.675343867021541,7.078407889349139,3,136.14958001565017,0.001886801906683424
3.2087690406153984,5.443790930837177,1,73.31430724745661,0.16624192531606366
4.664011439851579,6.044718576096398,2,88.17379173399873,0.027461546756031706
0.9486487936110368,4.080394318931546,1,188.21609799537543,0.08090788363151112
3.33281113618461,5.123208846560701,2,51.60808896293601,0.011225787184277674
2.2373196865051748,4.850478054277245,2,50.66261815226485,0.006178768213416441
1.8360186436081762,3.8803621377495983,1,189.48381110596108,0.36921609470445604
2.610543995528257,8.059353180043669,3,160.95828493114294,0.0003021009354335938
3.7697913839149697,7.1438067852924645,1,139.49929035993682,0.12758104709996437
2.244589323022604,6.791157011263433,3,142.48904758558132,0.0002196743041633979
0.7909275011219115,6.375746528608865,3,79.5728746397329,0.0
4.925127264665162,1.4860595581024363,2,156.64038713039923,29.406589679591917
2.0702890515594183,7.438576942214412,2,173.21957055442,0.004475843304136791
3.673152787671141,5.476812323587974,3,198.69402820693293,0.002632565274530128
2.338647596630719,9.099384677381305,1,92.96413039808598,0.04273845926331919
1.3873140302328721,9.230907432937876,2,119.61559333134574,0.0006455778427360867
0.8774851704530746,7.391494246863284,2,87.16522011472541,2.537246883548336e-05
3.787824798423183,1.7036040789745273,1,161.89578451645312,47.02574447811317
1.8344028374608263,4.210977152715737,1,185.96969394838987,0.14437213486868192
3.2534702513145737,5.3311999761653865,2,96.60907422703504,0.006857325492598539
2.7679203902176104,7.033155233391507,2,176.56480311841136,0.0039054535349382353
0.7989202972801359,3.2977909121941185,3,89.84991818831863,0.0019733971742614876
2.3948674342389795,5.411798770717972,1,112.45036641995651,0.1277570991754218
4.900765816391243,8.08935776644161,3,156.6113508756364,0.001008946386531699
3.5506502398627315,5.684695332057472,2,61.823350124286364,0.010289060789606145
2.05811711882634,6.658566733598696,3,145.56517919450545,7.155643672149793e-05
1.231933985618717,7.0768766601331725,2,177.82156047473427,0.0
0.797723939869593,1.9954080820191322,3,175.91000641992366,0.0026039831331193318
2.239614042210226,7.802891710043787,2,170.01505342589758,0.00616541762462929
3.4569932985144476,4.594311160951768,3,90.02540720990243,0.008729399363958064
3.6351872428776693,8.733963939173945,1,179.53221521985336,0.07710668075743093
1.5852008169998637,6.550915322566564,3,157.6872929720538,0.0004374724429381063
2.913052576114472,1.7132303871998125,1,147.77775518271477,24.871906967077887
3.9383268279889188,1.3367659355372696,2,130.76519751278101,26.045368394500613
4.511915374993277,6.8795722405279145,1,92.47965255116634,0.6276277558052843
3.9683671997825196,2.6915794886837294,2,150.66728617512308,0.9178248666410515
4.846885261935754,8.687057786780183,3,167.35979522443577,0.00363595945149412
3.377726121487526,7.056035265301262,1,86.77655125902118,0.15762423857128943
1.390851511625777,7.563680454011255,3,71.06001479848945,0.0
1.8681691839836139,7.327608143570414,1,82.2011346717147,0.04214092268399834
3.195512737201462,2.455310412266333,2,57.062838746959756,0.30638135042209497
1.4709506669598644,6.571260555497119,3,61.96131578386449,0.0
2.23626534558566,3.8113998547119063,1,83.29486845777593,0.4763402193282019
0.7509103727117615,1.3146011958630672,3,136.40718055602719,0.008900892345474
0.5143348558520444,1.4001020224088117,1,70.53457200539486,0.21962834231757045
4.953461030818494,7.222662831918267,3,136.5827865676228,0.0031247236703974774
2.2595835636876926,1.958789999511593,3,101.11401775188781,0.06913421232083396
4.8926088123132985,1.2127005731455276,1,151.75074526399197,54.214989923631
2.0741442156355676,1.2115061481370382,2,185.974506749317,2.201122262826953
1.1503344502448956,1.1465729732135723,1,98.81246363964644,7.414654303474014
4.619630146087384,3.6980219509984633,3,108.57466769615979,0.035840434460625764
3.002599911774434,7.239968144072883,3,133.90320023420423,0.00025930199713069564
4.805899423059727,7.7554585480353735,3,114.68906168633032,0.0015237264748573028
1.9271467728454599,1.0122364141961044,2,115.84619735191615,2.1216251464857327
3.2101961437305016,6.660273714986855,2,70.46349900232352,0.013674312070184607
0.5498097625112723,2.183265410484659,3,168.72117092570443,0.0
1.5504324512677454,2.674189003446309,2,96.59271605132739,0.022374176903751763
1.3837112441878703,8.202874995796183,1,75.04691613411975,0.025686989214941964
1.4742558995405977,3.987343769937941,1,143.39428811051317,0.11796216358020617
3.938146843556236,7.348990813652598,2,182.54239309459277,0.014440684221246022
0.9199440793125606,1.7611366554330838,3,91.01763542749819,0.0
3.563104148231293,6.41850859294203,2,81.21916459573379,0.011262029172373601
4.275192517308062,8.387766199577744,2,93.14069124193969,0.008153363113387475
3.081664088655708,4.000610897715469,3,183.78642507385766,0.0023539030386665323
3.5326836500275283,3.8693752520664235,3,90.93691016945897,0.009802332749241482
0.535570319790882,7.431964395830382,1,156.24899099513212,0.0007990462279441306
4.660385417750957,7.3692051182117995,1,129.30157621124908,0.18506230245932875
3.8340068306164063,7.062248029603874,2,115.95712335813681,0.01549944815430785
2.5501811297712385,2.7481259862439122,3,150.5298297678487,0.010324053715281173
0.7596109273226688,5.1063747955819645,3,152.8446053388082,0.0
3.6139566142707156,9.949798523057366,3,87.59368603211365,0.0
3.339315002886524,2.443973716769872,3,70.01223829077269,0.03140165482677523
3.3591151312558103,7.5585115064770205,3,117.48955203238818,0.0019615361272393686
0.7277304355792042,3.354843380686784,2,155.83680138387626,0.0005231196710768625
0.5307245371218896,8.558022526161896,2,127.25257714366633,0.0
4.434046100081327,3.446392530546515,3,69.20361596331459,0.028692149787934867
2.1732759375825883,2.7569614360436314,1,56.07957631833633,1.627240139405181
3.6822308008217814,2.3666413895739105,3,64.45899651375368,0.057482050780827264
2.306917165367528,1.864141936071325,1,51.806113615734745,6.55407554005756
3.080428829674589,4.640460265792829,1,195.61653368384063,0.31035104851374634
1.0017617922916444,7.095820000413717,2,64.12050774512612,0.003319736259784935
1.1436545048266509,7.723654998590445,1,170.9132808545783,0.018899328112698836
3.1353561929450358,3.5065043070023196,3,51.00660310598442,0.0030144606957635766
4.865266874114879,4.001936582845014,3,94.9078229412488,0.022046426727565103
2.6474725356745044,2.3402328684953315,3,113.22174779497628,0.032212006440190274
2.479311661099965,5.088482975636185,1,105.51156065368824,0.14544050219625246
3.0333462776409386,3.95246286204352,1,172.76484336984942,1.0470252715615898
4.837574900680264,4.42420549736838,1,137.6907253105167,3.3688318386104434
2.454265896220039,3.4611718992579603,2,123.10434882271858,0.03424103428659812
2.52628227906849,9.235559475176546,2,191.26648388172757,0.0019397946346260333
0.5677153558296832,3.1029751243877044,3,86.96495688226628,0.0
1.1261884145912557,7.526848461819751,2,151.07809891653608,0.002140371833024342
1.7900613375626397,3.8182518823825204,2,138.22471322747572,0.011292857824107973
0.638608340182977,7.119429426405243,2,186.93549398925032,0.0
1.438125102935604,7.0124763989696275,2,145.48856042581193,0.0007459458611706211
0.774233282863571,6.538117012566663,3,70.55277103196997,0.0
1.2806221376673312,1.7952614564401776,3,50.49413729287669,0.002186110654351454
0.7724462072929639,6.376537630693803,1,98.96567441928782,0.04105432547780201
4.347210638523499,2.426811443744101,1,83.8691223956884,19.62043908030981
3.385409432707753,2.529399294452758,1,112.375576444723,9.393423471116241
2.893124596936361,9.145111551187687,2,150.3379851952949,0.003438712828359649
0.5548180324250545,8.781875789187321,3,157.09878797154113,0.0
1.6482912663649492,3.653285684077595,2,65.70505015313381,0.011322268090208412
1.7299008315051965,5.262625068344832,1,110.40539367117779,0.07767987088285787
1.632273880134355,7.1091977673852496,1,53.08938967832696,0.021682003806214777
2.723619349666084,8.783176292464535,3,55.57610188398759,0.0
1.387483517890524,2.3715737815432183,2,176.73993543794404,0.027317959986260004
4.479034484538381,3.735310547975618,1,192.16956948669622,19.19964108769483
2.801627425723831,8.995465340103662,1,58.75879744356194,0.04692826752066442
0.8992752538515252,3.4816487995072167,2,58.44654177455711,0.002716220121187844
0.7011751183539701,9.456492484296396,2,171.21514817118722,0.0
4.390379152574022,2.661826001446892,2,155.37151960870102,0.576744473275347
2.116059990577145,5.432553827534832,1,50.71946105134288,0.048594809608628456
4.139300193403559,8.138307368262836,3,66.70304110848102,0.00025335457802031256
2.218477863467421,5.993572954356047,1,87.30263425629067,0.15405914256501502
4.049040344697996,4.484786254666421,3,110.05404607121852,0.01613213557649065
0.9054498760249041,7.385500528992424,1,100.51136105575763,0.022740648492060936
3.6294035959613784,6.075257110735195,1,132.99135827853996,0.2836439586666089
4.076472415434514,7.275243893260176,3,143.72249932042553,0.001962823430531771
4.0101386490624575,3.966740356079804,2,140.01456643135455,0.10047422208246454
3.282828047515188,5.062145768651535,1,132.03512885415685,0.5006175890895423
1.0530586906578634,1.8735408138815655,3,197.49096571811148,0.010511885385078404
0.6626339243056667,6.879539529022966,2,160.22991650053888,0.004245367479521518
3.307213898940501,7.344015518812576,3,62.95131456540369,0.0009099756356041841
4.726971727935204,9.376423747842153,2,178.11628674986392,0.009070815780506744
2.219800322951907,7.0752773591102125,2,129.4888747634987,0.008464253909649186
3.1777764347449153,7.1008991660369825,1,169.40789643582508,0.11256647031930457
1.0341711221897634,5.18906229522554,1,105.34194131446392,0.058414069892941435
4.965980614838651,7.706636430710612,1,90.17710367605062,0.24183562881522297
1.3585928661501896,3.278362297757778,1,87.16775544825109,0.3257747833923661
2.393187762946976,9.886687334083653,1,88.58395214593614,0.02191440170093027
4.216894855071921,2.2841867009798897,3,82.84315634844646,0.06301808117934496
3.34973680754883,6.011334139351591,1,196.41595149881607,0.16240912119665035
4.128193436542043,6.970587724036536,3,196.63203867724187,0.0014329387266784255
0.6537399465032959,3.941287278982947,3,68.99398853945326,0.0
4.385433202504052,2.494839398218852,3,80.99485876326831,0.11833031933684403
4.333024085817786,2.0302588686009044,3,178.7376198352533,0.22041457933044065
1.2469725481866432,2.1848434424252803,2,160.4392551826495,0.018128232661135734
1.2113436216584335,4.089729202533687,3,126.81269107956209,0.0010406943709597271
3.721750889611604,4.063079112115445,2,158.59140495816666,0.043505690857069755
3.722558210509596,3.8398722060504697,2,192.10830641125165,0.11680005218178914
1.2083254902406237,1.1315034796132628,2,84.70551371664551,0.15648893219188187
1.6430887676761068,6.053201968978691,2,144.6620078975884,0.0009680130847787065
0.8286358296703111,6.8701777328299345,2,155.18491892245177,0.0004441980296971346
3.340125929258249,1.4049434210449294,1,174.86260805890126,48.671479337176706
4.187029955813794,7.6207795828042215,1,172.1441080259487,0.1893286019120807
2.1954005799105794,6.024521325230825,3,151.2891886581174,8.146258101037703e-05
4.684782452766985,3.9844232386085916,2,83.77909571425334,0.30535829925687674
1.5315525394644829,4.355323609216736,3,137.27553394213362,0.0009382670336318591
2.568930254686377,5.663388458023084,2,150.76391371141304,0.008129949468632719
3.709824603939423,2.7305719183560515,1,72.55712814806355,8.98942182389223
1.8202932598369443,7.509638554027061,3,104.81193014754103,0.0
2.1068659472028686,4.311285852701385,1,197.74801864341637,0.16369745842315975
4.427954276967464,9.767511025455706,1,173.04227546377666,0.10617728947558652
2.5817485643611864,5.765991651649374,2,113.44953442256367,0.008483400413425188
3.5584768666653135,3.4529354430378048,2,97.52680405790842,0.08984839111560354
2.835787254995922,7.643779272520964,1,54.55532812674251,0.04700179389588069
3.0006572720928144,1.8597177134962375,1,113.08227063368632,13.5401787827789
4.529348504739367,9.549144601318101,2,171.01829620723777,0.005806753305172125
2.2643615220280564,3.3919931738387827,2,165.63670534018604,0.030822776306144866
4.791991709688417,1.3789380255873271,1,90.07446705113355,29.233764123328793
4.306183417961238,8.962647099176861,3,148.35258011730065,0.0002885038171960763
4.603430857556847,3.457349110304455,3,131.49067046913223,0.051510641830310754
2.164762343645648,8.706280113494078,1,162.2291480891942,0.0432756841904133
1.4150552295436545,6.242602962214001,1,176.5130198967573,0.05320501608751602
4.356844596766896,1.0286307131627406,3,61.748318504898116,5.179279281799334
2.033802692091513,1.602504736323022,1,158.22033290598353,23.64078607308434
1.2215622594269848,3.0439490097281534,3,192.86522859376117,0.0038579759368581206
1.4550311677897056,4.107751095563331,1,166.0974196034347,0.16943972254109263
3.9278442544397167,8.486897043501386,1,110.37432752537538,0.10439538534111344
2.7435168612782803,2.5014410238216467,3,83.52980176175328,0.010794285764244382
1.4694938827496147,1.6896890232057173,3,76.96897345393124,0.11217207139808166
2.4638319282089,9.31328762380489,2,199.63201353404568,0.0020888873221289327
3.5575131632078865,4.34578459409296,2,74.09383692556528,0.030076467749697938
2.5641086986370523,4.621575319594052,2,139.6683153305749,0.01542163752435065
3.0462091194050265,9.212207666034907,2,64.06103085113708,0.0036969885204930415
3.8238324614887857,8.079484699038854,3,152.96465585853628,0.0008636988673318867
0.5350101803070239,2.44680800680581,2,117.13517455600115,0.0035155266179853956
3.029576319477024,5.153795253396772,1,137.23850986750742,0.33682471440517975
2.571171682708071,3.7380653094827343,2,81.75552601845288,0.0560734610725709
3.510649598156255,8.152169281133698,3,168.38741509170939,0.0002594742835635194
2.2240500904938854,8.415484208072929,1,149.77397352946855,0.056441218243021306
1.9359091868145155,9.56054929791903,1,125.0014620109082,0.02014644297142928
1.160715932142581,6.439126234402608,1,168.61931275351722,0.021155653335216434
2.7276322606486136,3.433510651916472,1,171.15225207489533,1.6318076749905244
1.5790456802749706,5.8628070948056905,3,147.08856507900862,0.0
4.059562020567373,9.667059592227599,1,152.8103445056222,0.06986041171028586
2.043218982630102,3.1066085456413144,1,189.84918159700374,0.49303943104590847
3.071756931620295,3.307357386379473,2,66.4841006078312,0.056925558186598835
4.272555124763324,6.0234472973086755,1,92.16509805802383,0.4141314183991435
3.9900889164356874,9.377940021391389,1,182.449291570862,0.07403309563948168
1.7656215985043713,4.26446038930318,2,98.41929534831291,0.03156684856113089
1.3628100753121744,4.735085854690351,3,114.88289586339916,0.0
3.72716882794095,9.68580373281912,2,79.48959085663088,0.011897135383276457
1.0863880613328953,4.996875438551255,1,192.07489488649387,0.0744309432025049
0.5881364861736296,1.8394486532807428,1,195.13777840747707,0.17835353475922022
1.8618824831355767,1.9044032017732122,3,58.14270370721117,0.019286382018021016
4.129649702484713,4.992690645093866,1,153.77646489738436,0.9533712273459529
4.240555607178905,1.7483982274995964,2,170.06275730464625,14.77194118841785
1.5691875320659578,5.020297960610772,2,100.62546864606512,0.0038567307967154003
4.184282838808052,4.433405509349463,3,161.1698982971759,0.007046484335957012
2.972690052772026,9.473211498490828,3,94.91921458581358,0.0001736100021557411
1.3248793124623839,3.2865397273318306,1,93.7581151009609,0.22851597935261453
0.8325188440600964,3.681966335394597,2,55.031504701579166,0.0033336567626350245
1.9572679904402663,4.092992051382067,1,165.87787725692903,0.24885952266697828
4.344894857586162,3.4965517953657574,1,170.8466385538281,17.226197233896528
3.4344911581006836,5.71325558855923,1,83.41372807097409,0.11592891253854823
3.03571289003314,3.642333648165615,1,127.20601301010998,0.8232945741495697
1.5950718845255434,5.6767829019558205,3,120.39588919179496,0.00021975823479337882
1.7633501287279483,3.4455487378676364,1,150.01367274312858,0.2896579021292424
2.38145062742462,7.22313407294844,1,53.376442677892776,0.05743908169696272
2.107851673771832,1.2874624132965145,2,118.58340395742779,0.5801804459267362
4.475406011072733,7.925719960819466,3,57.703342602314855,0.0006448812005195158
3.969241877061583,4.531855286095562,3,77.7941900216339,0.007338128354767449
1.6099774341118092,6.554188497972463,2,184.09842908376362,0.0030434382331449334
1.6568791987795566,6.614749687985167,1,98.48747717647714,0.04956129061461816
0.5252131569937547,5.590207374091591,1,90.70969762634068,0.027944761526648706
1.9490742916080557,9.79223918130367,1,90.46363408470282,0.022848117189464136
2.775280519055145,8.754791638458357,2,81.68805530526714,0.0022987938694503636
3.357183391729765,8.72525477428667,2,111.0461211529643,0.0027615695226627297
3.3194651307464556,6.761436044245356,1,67.86633015275024,0.11493306954787996
4.239225752646178,8.323471902666228,1,136.09988323075348,0.09420302776709784
2.524074181105773,7.71313946981895,1,165.6656589015227,0.05781875633624805
4.773823051600912,8.063014775131704,1,132.27208246076265,0.16359730678750792
0.8534254522487936,4.602638161282165,3,50.78734470228474,0.0
2.301539826819082,9.274028192126396,1,97.36467370499095,0.03898983661277135
1.2157690143588962,5.596866195352953,2,117.51486598658016,0.000780409560861021
3.901195118531083,8.300898426949505,1,112.69823874776502,0.10576762751136135
4.435809065044465,7.357683556014444,1,56.75389188149325,0.1665185235952401
4.783644839136962,5.666440201521909,3,101.87307066945638,0.004401403943393616
1.3612381728700589,1.1284545748507675,3,153.7399283462826,0.11067097587299494
3.5355267484914754,5.07369660794512,3,144.62843260115784,0.002052430507777961
1.164688533453312,3.0996634486981534,3,52.29656823869918,0.005352556067281402
4.229448286311554,1.5955297639155135,3,101.947948787423,1.2831724666738469
3.441114059369336,6.817466879045612,1,173.25538087517768,0.1535935218334327
0.5637497530460807,7.351857809711661,1,72.1099464483955,0.002229432436182734
4.661055542501027,8.268692875278116,3,96.99814148489205,0.0005624352487575325
4.557139858212104,4.050555418268795,2,61.00062967403623,0.044433373984844524
1.0479953227162866,1.720009922411639,1,193.74694812143935,0.6880977389510762
1.2881305904519371,5.045539709979436,2,169.97017901648678,0.004009962701891084
1.9324600451069216,6.319414982346601,3,61.260024981321784,0.0
1.3212610578213702,2.3258771015403297,3,144.36569278034023,0.00532445072617449
4.390358941595021,6.110194762683711,1,103.68360075468487,0.21924529835440792
2.280680044543204,3.0156615118274908,1,159.32352661014863,0.5463040994697144
1.4532552319860712,8.671245598568179,3,144.76033716427668,0.0
3.84694349337404,3.3455971155133684,3,185.1600797122879,0.01876715076701705
1.472861457877992,2.6854880069592504,3,56.31669087069428,0.0
0.9355532811984816,4.300784326893758,1,190.75688560748117,0.053485660502776027
1.065542369831379,6.33762263440976,2,89.57160046641118,0.0003189544175304402
0.9139946253132292,9.466155673918209,1,97.89886896191334,0.012594984307745843
3.6944756152096083,4.3436333751351865,3,76.2923108510387,0.0018391189705482488
1.5769200848264247,9.322532755299184,1,187.5267744551351,0.02233003736459591
4.5267625519580195,9.207801751947965,3,130.83859987566748,0.0011373555868495666
2.8152009279126986,7.521077032631689,1,87.37166304391393,0.07326119016021972
1.4150832066021026,4.500114653571314,1,185.37392823683103,0.05917326522664116
4.7937972943468905,9.261465964996736,1,71.81713082900232,0.10205308400958236
2.4743351117099976,2.38392032057026,3,173.51966071940984,0.028572525348007655
3.7454019152788867,1.915027447983868,2,172.72328595680324,3.722370147298564
4.578981389952456,8.726532910077111,1,72.83903828077652,0.10460790601539995
4.165256340529966,7.457159329001294,3,89.98291596796591,0.0030539250165722686
3.776529961635395,5.271413120173882,3,145.62498900735298,0.0012709430859815648
1.7291082701571492,2.96702773229834,3,176.8235888148364,0.002739410283306761
0.618937696552595,2.7023726742382075,1,137.99456317125387,0.200048814205882
2.2511545928127195,5.579122936506128,3,75.92840760538891,0.0
1.4242892932211118,4.5261488408594825,2,105.98746205826762,0.006576861373881611
1.7621681477715903,3.967733494097493,1,173.66965179036995,0.22952967631400478
3.2500464232920407,4.82214128121684,3,94.85422550692448,0.006091416860821434
1.7808162247033004,1.0446790495708076,2,66.27249868052353,0.9301741787759835
4.479346268692137,5.231396337558825,3,186.93717922943023,0.004418091772564417
0.5191837037377373,8.93944305720613,1,127.73087811600554,0.004638488824061909
3.321072164232541,7.869544115966606,3,103.9489745313331,3.813930116383295e-05
4.346207645917136,7.571924636386084,2,102.43039893958931,0.016040423272971702
2.5750654193562474,4.2759621938792325,1,183.62024822986336,0.26467524550555555
2.7582531252838356,3.6913729771599426,2,94.9110274465142,0.02831106247666186
1.0403429952317333,8.596203167688714,2,180.02808159789205,9.708387748304093e-05
3.3189250085139563,7.833372776789237,3,196.9664860892828,0.0008387977927771944
2.2842053913390523,5.673500829659982,2,132.45356430523006,0.004366818888297737
1.5064377851990385,8.658334734789733,2,137.67634261213294,0.00044032436324682934
2.006498854615036,3.7200735313822317,1,86.82641083151677,0.21243050864394897
3.4153227909259654,1.653830436451116,2,90.56009328021162,4.882573211658778
1.157249524102216,8.495100163535511,2,189.46587479992908,0.0
0.6427199494560557,8.641420745406364,3,123.91434915484335,0.0
3.15217695761264,8.485318305949775,2,105.07382510983035,0.0023116987058842187
4.153536615835277,9.6935923813616,1,169.220843838912,0.0923214251989377
1.6637685419439687,5.261252998070881,2,114.37038450143783,0.0043525162235279104
3.4288389796559935,4.143314872785726,1,199.6636624309541,0.9547282576389553
0.9770525155824465,1.1432654292965396,1,64.67419518042087,1.5460933396013938
1.2839550754411952,1.586130785037376,3,78.33828247470626,0.003436065164983544
3.411508831189288,7.099944919843098,1,118.68924704208999,0.10600223546645683
1.5046026462236608,8.387903995142256,2,66.51657312841965,0.0
4.120768322554188,9.590864087475827,3,191.5977270973103,0.00029293220540519343
1.4540488976612869,3.3387118053470672,2,69.18752858104877,0.007850330766129286
2.931164863308359,9.820839249774217,3,118.38513854782698,0.0
4.412689650002482,2.9805354537904307,3,53.093824790648355,0.06966877064045716
2.715053658950334,7.203930661174583,1,150.45246512570506,0.07081925725221906
3.488208010289027,5.603738383338834,2,192.23094500304032,0.021034897502882878
3.50949164102452,6.271402650899089,2,56.08236987998741,0.009458268392802949
2.8378698585546247,5.8243994504266166,1,112.62198857632478,0.13551319022428698
2.3296334796896443,5.504672941286153,3,139.2714629760045,0.005909453896971654
4.683924451464063,3.3465544572443235,2,65.43638125016568,0.21107373805417712
4.90678850967649,7.744598445431058,2,135.00124213808147,0.01813861791259537
4.821754185892343,9.608753317010317,1,128.83186481835867,0.1172898372760867
0.635602230010943,1.0878373252471227,1,116.78917311147923,0.3568004131341748
3.0045407771740167,1.0773945237995084,3,162.9462236734068,0.9943225303552407
2.559730727258737,4.348596626242365,2,73.95960192716528,0.016832968431402934
3.017289758331439,1.3424536409651777,2,143.9694668897594,12.050548421079844
2.9430231590541784,1.3839703101079008,1,52.930108427059125,19.18761425601801
2.64666571962096,6.589232941539644,2,188.69708122555977,0.005989622640138712
3.7300296805488125,9.70330034345552,2,128.15965179143626,0.0056668098100074475
3.4963704029463116,8.564000879503707,3,61.70131037682691,0.0002631654907712413
2.568128551649249,6.91972947818511,2,66.02185848411733,0.0011414061162755044
0.7068757367026682,2.8568783620431533,1,115.23021922136462,0.07895330748542256
0.6076225651775595,8.923496695962873,1,94.27263500544149,0.002353155579805495
2.4483176675643996,3.2569938544191257,3,99.44059090649418,0.004406852663507013
4.337942593623238,4.274756199483882,3,181.32018544614274,0.012841848366196942
3.425124964493795,1.2557906353091723,2,197.8299413424262,16.17245537300629
2.8966807504246326,4.322747059425227,3,177.519858715773,0.002192973887323127
3.45661642185713,5.076239873650676,2,108.24760597731344,0.017378320224835146
4.536572978611979,8.906878201088812,3,106.4176622868047,0.0006496655196227044
4.2313196434625056,4.93366745270007,2,165.76130538346763,0.04229284351774886
4.2394678369734535,3.0655408765754357,2,106.00980856482177,0.3527366804352697
2.6843987312555013,9.954339769645351,2,160.1500002384667,0.000385532639895707
3.5829570184739032,2.307659092385267,2,142.10141387872974,1.075576849071012
4.541106555022897,4.580219464114812,1,98.41079048425001,1.0603720346901502
2.249215223405483,4.384696527406858,2,69.50296016099468,0.006303169233045798
4.911461530413369,4.4562493899264535,2,176.163454525953,0.10703951603438368
3.7295840034307854,6.932016179265314,1,98.68587797041104,0.1479620781115168
1.1538705873876864,3.5093153711540417,1,96.14873820389272,0.11200634279337544
3.882189923015868,3.9380832237361862,3,193.1876690099568,0.013068466788554127
4.410901982351179,3.350670313388684,3,75.06162568026328,0.05656778268656133
2.8864985557347973,9.596740124020975,3,82.25831162468992,0.00020340153043529963
2.945651135856593,8.969588232135722,2,142.09271541918605,0.004185854610757102
0.7237420364087901,3.77035719150541,3,167.13493617178867,0.0
0.9386394453514404,7.731255322998656,1,95.6190947445817,0.020522514775399212
1.2871979660678665,6.65088040290185,2,189.36436256799172,0.0002966288398556474
3.8599333373035356,9.871794882791127,1,88.18600393389681,0.042767971839687884
2.720607111153477,4.118684995893899,3,75.99936724307966,0.0005687196373601076
3.5441734297845393,8.391922638928339,2,173.42968089446117,0.0031522459162854153
4.492057912112163,4.184296813515225,3,93.79128386279291,0.00957415213871292
1.7127107558643522,4.079911687571494,1,66.56940975334864,0.1724395552516196
2.275174797878822,9.825745939448785,1,183.8264934912445,0.027318777964451868
1.4914164229023377,7.131455676254298,2,92.73871832992509,0.00028288791515991937
1.362485869097757,4.588910912842509,2,136.52474505533377,0.0016273231550381613
0.7874636887784414,1.8593962900688275,1,89.51982143506234,0.6340258595702326
2.6149272074451098,3.497746665160036,3,154.8001694022758,0.004537599766872397
4.739559645433033,6.715092805696963,2,169.18886894283423,0.017166381946072336
3.0306597913125985,5.967720976165345,2,92.48904433333396,0.008707895839397161
4.473307200190362,5.197077225219749,2,67.49002646527666,0.026609677111649
1.2104121883342776,2.4352623021299147,2,186.4468290435273,0.026518281959155482
3.526738420337325,9.653902154648925,3,72.91415244399926,0.00019922443978386383
4.13678884269253,8.654735445168003,3,72.96788081713902,0.0010634208748417728
4.172281071760042,5.45245984316797,1,143.6796294761674,0.48852928738270285
2.4689733435688845,8.705938318643268,1,164.9872480770107,0.052288975332946123
1.8833441816365384,9.452694165070458,3,95.35825219433902,0.0
4.0169830727091504,9.103487529720285,2,193.56342111251786,0.004447274379439237
1.725760730633482,8.918415981169531,1,116.9967583796316,0.022195732216520228
3.6899878313285983,2.262398044377472,3,90.90491258796087,0.13141566378222905
4.0685440634897745,7.020354810376473,1,70.13580753672966,0.24599300520753756
4.20390056659167,2.504157918313011,3,60.38787577690801,0.04533472666548982
0.5545643305140895,6.395289278210399,1,185.91405492430826,0.034395059938665457
1.6717516454061359,4.11881984945348,1,193.16077716682204,0.1025009896633036
4.265008045257746,3.1932311301624683,2,175.68460177592414,0.19635814226453788
2.7171436230481034,3.2861219203428265,3,179.74485127461017,0.0048714398706094664
4.235832590336436,5.544030462140165,1,128.5978666319769,0.5627973125844435
1.6354180252405643,6.567348431883147,1,138.76560630492366,0.03973481195016275
2.127207569324586,6.906275815526363,3,98.89281807160316,0.0
2.170179981503596,6.699061103857932,1,197.5698140731233,0.0625099147424957
0.7808829774173638,8.335427003916843,3,172.64756190127943,0.0
4.221795780489105,8.112117046817872,3,116.32048685227147,0.0015356948508691778
1.463061743866388,1.6877696432415634,3,133.58744888552496,0.020709171874338843
3.864822061858124,9.434226963039027,1,181.56020069005314,0.07902672406081025
3.0103330324806064,8.251038236382819,2,180.74063077820068,0.002796592505579513
1.443129872171817,2.686657100036697,1,181.8095082021199,0.5459057195561899
2.163655659478742,5.506992604722105,3,190.53361509177117,0.000406882141143282
3.9259984843289044,5.846344880292703,1,181.55724687419115,0.23280835538609462
2.004038801401043,3.8583832479262816,2,99.96694027403782,0.006780502478154925
0.8757085545563256,1.388050775855477,1,120.59772732028252,1.2972663270029887
3.3974794040842893,8.222508376956936,1,190.27082945669122,0.06171151586156349
3.3519990960540857,2.8468308712256434,2,87.88200476762223,0.058922795292831155
2.20320564936853,1.9173854837039297,1,101.4293405605252,3.3218834522378953
1.8119340559155055,5.181710297063264,1,72.01852768561481,0.24204714976411884
1.157763217267262,7.309805838793241,1,66.34601471364815,0.042699265320769425
1.7269455512441028,9.210331804434377,2,159.91866893781474,0.001009123125363103
1.5442028296793766,9.793034172248609,1,122.08659183543342,0.02615505208091297
4.704558598340711,4.94085135649905,3,151.95451719015966,0.009435079042107657
4.870165294577632,2.823451732471409,2,107.55742241362876,0.5471946431256435
2.154467570892772,4.767684093485434,2,115.40362507973498,0.006951314779268148
2.6030273908385215,4.044241074819629,2,148.54365237467218,0.01613669383796555
1.9517840659499872,7.381540889015577,2,194.76141440601336,0.006444947701745542
1.6671600026493336,1.0177806400216074,3,113.52398149711821,0.05693491685110046
1.6878772256473251,9.079686016509415,2,61.59985716709109,8.251320780914949e-05
4.973394338300848,9.484411304623949,3,131.34384864112553,0.00013895526332728675
4.480240696244962,2.4126899442825755,3,195.63255632659266,0.14369981212526678
4.2013628502940925,5.321252619866394,1,72.93554662034236,0.39865700349473915
0.7436926944094433,6.628396114682365,3,50.13149861092985,0.0
4.393762657314104,8.381781117633729,1,57.78933684315927,0.14639837072209247
1.1666809807875602,3.9901995828027412,1,136.1396948833587,0.14399513984016105
3.200701104562872,3.862097447964835,1,109.08770777857069,0.6739464703892247
2.229621209988488,1.0170106075826717,2,156.8617122690747,9.115013915746454
4.431875342774606,5.032009025544819,1,52.24351456566122,1.6225688734228847
1.8203024085007709,2.701449204324694,3,174.46560271496853,0.005536870935478511
4.180589396282365,5.077899195511663,3,137.9166640844004,0.004991504624718489
0.7548669163667593,5.563692310933347,1,139.63564528542696,0.009833847179906208
2.0728654623983394,2.4571788698347286,1,74.68516124508047,0.7879997981567545
1.5534214956507548,4.7370194392292175,1,180.76401565928566,0.09358582795234806
3.6032372780212203,8.438804792736157,2,181.67948635002685,0.0038505585988514754
4.955079106981858,4.858581123585467,1,169.18662738810332,2.7080566814178684
1.6989019815736142,7.570593978851067,1,72.26263870498465,0.030882545147247475
4.478294954302971,3.575404180694529,2,55.90566218248528,0.10035026599104649
0.7051364822490235,7.117353368671032,1,197.10847410263253,0.015614251389617568
4.6597565825718705,2.0387237065576063,3,125.3372960227043,0.2532285017556253
4.2495382794578855,3.522907394253394,2,94.30933650509672,0.20584833319900064
4.6265626940703255,6.110998092223187,3,93.09625343940965,0.0017178931389844026
4.891116853672624,1.9831854769618702,1,174.22521667512336,56.41705052572076
3.170790655815088,2.0394751466798335,1,109.71649548195927,17.824002755935382
3.8946877006153313,8.662416833164272,2,75.16326848963399,0.005951291623082655
4.9092500591163235,8.090436180216841,1,173.95829047794837,0.23045294315005035
2.344816054074317,1.3274525168912352,2,108.08805413665372,2.8490125320064337
2.6256112238309055,4.578070262136169,1,120.3220158939019,0.25180867970533766
2.941466327172981,6.930325572447302,1,156.92861911332523,0.09098354538396929
2.911195286644016,1.0420192254620777,2,68.72211813603649,8.144171185049558
4.409328894679817,5.052543688284456,1,198.70009385413098,2.020518634643701
1.9957142592146475,7.640633556692889,3,147.75871361285184,0.0
2.2545918262204694,5.1202926411935525,3,148.0784677077504,0.00018205035786149283
2.0330601435025613,9.35863328231596,1,185.52866368786349,0.02892925238570355
4.365497262816444,9.874038219855173,2,74.56899613138536,0.007590957367096167
3.4773888643701114,7.493522586910718,3,70.58597351707667,0.000931630215555202
2.0820081253751166,6.216521934566715,1,121.22525829841447,0.0931573395844658
1.903310244269259,7.135969827487675,1,65.65374927189224,0.019539995486972533
2.758310733304851,4.343799126789874,1,95.53875678708127,0.4581922048706696
2.693721650430438,5.3006285708064125,2,94.8464159396495,0.011648042367587635
3.8588165228177203,7.633545847493155,1,141.42870108579336,0.14912322044192838
4.487298957735515,6.344436292745068,1,168.29636394658218,0.4596558289650318
4.610734694242694,1.951993465030718,1,126.689186482386,36.71414343785467
3.8522123758007156,8.345337753773023,2,115.16372511955103,0.007165815217474083
0.9998829582346682,9.311663961373668,2,86.5102044779884,0.0006778326226925389
4.101014552146195,2.4808241721857827,3,195.2664999264535,0.10335877097116287
4.374452372614244,1.8152306417581405,2,150.59364443328542,11.171419320343912
3.892887246179279,4.794986507812819,1,149.9346448916841,0.6059988122905645
3.483643725315785,2.1592717452455497,3,71.82862541971505,0.08207465111092895
0.5394988828118465,6.533684728495857,1,105.19643834588351,0.009461138957031512
1.5596968595935385,4.962375901105855,1,175.55431997999267,0.056051548740900015
4.636484753124202,1.5921328109807593,2,122.59604403730583,15.185675259149665
1.9751962324994756,5.536147926022978,2,149.74747904528982,0.008512800186663786
3.023154303494551,5.485009531015047,3,57.45667328713025,0.0004625025732997538
2.2391378331326885,3.260301984602573,2,97.47155347679717,0.025908314231822445
0.7652968419989757,5.896359020475133,3,162.77347275008918,0.0
2.2123940964945374,9.003408767969317,2,176.28326882468588,0.002244971629170891
1.026543153341798,8.669023237796509,1,102.20835306913247,0.022624414151646014
3.1301290258781442,3.978650662628655,2,157.26858514475134,0.07319480990245847
3.717203559351101,4.356529341266084,1,177.09348279423668,1.1448710695781303
3.4703031648222917,1.5542990391016285,1,181.13064577907744,48.4242504918781
0.5459503555105838,8.307954034573502,2,61.28437601346178,0.0
4.835826780628817,3.9398934617305525,3,162.0144908144436,0.017150864951598954
0.9815551223396257,6.169586037594148,1,78.70115507117234,0.028848788791626702
1.6656787454840336,8.78672917371113,1,174.45806798607572,0.018338292560610536
1.4183641052798603,4.920057032227009,1,179.61414381510076,0.08735257905150037
3.2255462420185044,5.3775621038831,3,162.80369475128282,0.002288836861223867
2.0295322438536605,9.262356713522944,3,136.81871373873798,0.0
0.9334114090003116,6.363701493196175,1,71.65229197092805,0.03401925114985238
2.621608885458401,5.1392590864775185,2,188.72340795670576,0.010469606580863756
2.9850262234506193,7.93922961327676,1,63.57938961271395,0.05760326632574603
0.8391338214752422,7.775920520124351,1,55.08559669974156,0.0143620254025374
0.8749417085277575,9.400314350598755,3,99.91042987341487,0.0
2.347880598819815,6.28416892264231,3,180.6360198898017,0.0012518768962660428
2.213597296087205,5.695936339885737,2,193.76260897984113,0.003934945903508996
2.9211993146037476,6.921591580909597,1,81.38936204703057,0.09680376399632501
4.291604462216412,2.243593136928836,2,198.3242020259388,2.327219848373995
1.595970177232368,7.520191822500484,1,127.69530284708217,0.02794208390099845
0.9691728060682934,4.797987343323018,3,144.79589694959748,0.0
1.3238263083983026,4.654549410705888,3,59.38701538733077,0.0
4.707457475785467,4.8277777296046285,2,69.27321496835916,0.042223217629238544
3.434666830963483,3.36511948582377,3,160.30801391558725,0.013023432080860832
0.719506478809524,2.766368692841893,1,129.19371763400707,0.23422938041580402
1.4308852754712102,2.6192546830881627,1,167.54635417789393,0.5990733396929495
2.145928260802598,7.2891954768310825,1,66.54260121211398,0.051852319057436765
2.465540342241212,1.8005614563040653,2,111.81476628240063,0.4520656667752172
1.5164655814769001,5.867385438594288,3,105.83099703589255,0.0
4.985868674118281,4.7098121832685695,2,179.12567914468895,0.0553574806233525
1.0022454249834258,5.337140198406174,3,66.54696114087491,0.0
2.041132438425965,9.196842955777567,3,68.8032717155726,0.0
3.0304339122008574,6.718208591015272,1,183.94371732375342,0.10689583587299549
3.9173672418993166,7.487370107988708,3,50.299139415531265,0.0008617557247575156
1.9433529709212087,7.032831858040076,2,112.37506273119834,0.003159137933025273
2.6106656620833197,4.570531304251001,2,147.5818900314448,0.011573547996301933
2.398333785320835,8.548075074842359,1,86.5153875641121,0.06087225887660959
3.273763827227452,9.962183100497366,1,66.39166621335949,0.07333263797810864
0.9136515471566389,2.8934738234490918,2,91.8552205262806,0.0
1.464480794079143,7.057008207523107,2,166.9532128196859,0.0006467688483530117
4.641645950065181,2.695075861114094,2,151.20974561876352,0.5520494843954138
2.4650525457967456,5.378135485275917,3,167.93433730682597,0.0013302418298494303
4.337399117846115,3.5746421336910954,2,72.21277670523267,0.1437341225365566
3.093114164122831,8.124980509167106,2,70.99364731910225,0.002839652147804009
2.7426840331133886,9.037745485574305,3,180.49475814498712,0.0002013146615692061
4.935202420818801,6.948092411362965,2,110.18064446040958,0.020827512220842413
2.2964435981218627,4.428966281750084,2,69.7448574067536,0.02146425381966901
4.585669350342362,9.907296219518182,3,59.74692486657121,9.26346714072373e-05
2.7259838735672233,8.78433545324533,2,125.84075330234695,0.0017672541055104116
4.761493476605961,6.357871517174443,2,117.97896416371465,0.032387010038689934
3.154102830055497,1.5188740702928096,1,70.4594072966,18.14796546647172
0.5190676591078693,4.859275015258742,3,55.03213601786541,0.0
4.006638448547595,2.088521253975708,3,65.58131824648129,0.08276415348700082
0.9342550500339017,6.062526320759835,1,73.04380843895937,0.012647883835956213
1.9693208203185906,3.4582724345993094,2,69.1766085611334,0.015732170227132882
4.519529585129572,3.988148564359638,2,165.88038968168232,0.12955065177652225
1.4931259102919192,2.227444239984879,3,108.85142243108862,0.006267778377220841
3.7357772421975217,1.9523451661022628,1,85.9479864850586,26.48680758622246
3.9986699208760914,3.8070012630164505,1,86.7630154700378,3.3070251302677045
0.6034718135595454,1.281477320933451,1,79.7750469591347,0.8469390225971553
4.8096885604847275,5.134853492374817,3,171.20631620206765,0.005424466464250645
2.693778516889707,5.715365163799026,3,130.313152359192,0.00012913498966158295
2.135184741292731,4.639657077295212,2,167.075002548912,0.010570354533757402
1.31962174613538,6.308609364551331,1,126.75076848518447,0.04938973956260672
2.595074569829879,9.792070112243115,1,98.33815606023833,0.048247441099688856
2.8524217774481793,4.097801707606321,2,167.90414292883366,0.04116987338098286
1.784990105090264,5.652674560248296,2,115.25451161630872,0.0027795665000461306
1.3559989930659233,1.3704709358914653,1,71.56601712046464,1.7607657292223957
1.2792920528634386,6.082147920755921,2,79.15884151536378,0.0024688166104075587
0.5717591079778224,9.449991741556497,2,80.70010757908484,0.0
4.496645250897524,7.376525689523762,2,87.72679838395085,0.014279016754205327
2.527045974274245,1.5409355282715331,3,98.89838313672635,0.16479232603816502
3.6156670877964636,9.578851090548563,2,77.90897280420185,0.00403777481122026
1.640025996405302,5.764674758936723,3,109.90343182163485,0.0
2.9832118835794326,7.080439712462752,3,188.53010165471662,0.0012064539421068642
4.633442984739562,8.075953839366917,3,101.49176477374044,0.00034375945586015124
3.669646561736725,4.8619137745123435,1,138.95064527052477,0.40172591485165726
4.75733034503483,1.2805862650551294,1,60.48307891953965,24.219777561525774
3.3756231427352494,1.5910625668994003,1,168.23774192977814,45.870934186596905
0.7640420113074038,7.090984251767337,3,61.3706983542106,0.0
0.5186892572910147,9.49987612830198,1,141.67025977200598,0.007926543834079947
3.032904276513567,2.7572902343032015,1,85.17486604688293,6.472390785556382
1.515323357100462,5.287794222314762,1,96.1925169160902,0.0854600229079314
1.6233769748887603,1.9384665907002376,2,123.52023051708697,0.10663277848406151
4.511518118938134,3.1499908135920442,1,126.73768089489359,16.915763218114172
2.6201812987134505,4.246798487430588,2,159.95540554360704,0.016711275598926816
0.9439056253653619,4.584226250400434,3,163.15847940854889,0.0
4.9279768061883935,7.201895560099133,3,172.73042467246677,0.003318488937382592
3.9762732172017574,2.6053295663791083,3,133.47327775734095,0.06599245761200777
3.2239682929220743,2.3634309979302706,1,53.35184981424499,9.838089044519272
2.7239921495518353,9.092412287436556,1,106.2980480528249,0.04444720820667898
2.222944978193955,8.497816894520742,1,163.11561932646492,0.030363670227876827
2.4045898638761223,2.382416897602362,2,127.81510046396556,0.1653816878471943
4.316505876888522,5.096827523440538,1,88.13624886653997,1.0883300771588282
2.7408584432848717,9.07287625255414,1,138.37721145425957,0.0749420654116841
3.3420740870453574,6.239096871710988,2,192.3177116842527,0.014504845431361548
3.1197353428780463,4.806549030789712,2,178.53211032650592,0.023448561152479157
1.1956473395502996,4.860428228817446,1,95.63980846897205,0.052910184285829616
1.1390299779158242,5.810067146691623,1,103.7781044938307,0.03353493086448465
0.7495778868484396,1.3134457874906478,1,112.70702363440884,1.354013694707044
1.2358530177632523,7.4649584166360805,1,89.25680480689955,0.05602878965005514
1.885958297698024,6.0877089414952845,1,188.29430412464805,0.08103649035353572
3.747672027928041,4.88781825099223,1,92.75501627146217,0.9197383571107398
3.0407075355095303,8.670406140086836,1,73.65541108083391,0.04120111884990478
3.8538260044192336,9.276549554433892,3,167.01533581145506,0.00017682224129516843
3.5685530853512235,3.7492531604453125,2,165.9891678504066,0.13162291134910079
2.6170404724692595,6.315900897348503,1,186.4984176941394,0.10224023242018053
1.0384962493179626,1.5752647805309858,1,66.799397765105,0.7152750687226107
4.930585260765992,7.395928175801483,3,131.7572305762818,0.0013212961436497744
3.496953594503448,5.636293417186553,3,139.78899129893648,0.0011571130293847878
3.396251693236143,2.67437249453329,3,166.79156017765388,0.04426971588394131
1.253431380453986,8.149918975360524,2,136.20259467954006,0.000426017838814019
4.903887688801871,7.489446686314504,1,102.68614446173201,0.38327764570453954
4.9927236847958065,7.409322636905442,3,151.91473364230967,0.003004414367199221
1.9153636400461957,3.7578629906525003,1,195.1764752887253,0.24838745708669527
4.9812252629924965,3.9643042159023953,2,146.74253703753328,0.17147119421996182
4.646962511149136,3.5765808160126165,1,85.53427789811377,12.057727938290062
2.7450492165106457,5.4663214451861855,2,174.25364010978603,0.01157660599501623
1.1863123480651976,8.555873042642979,3,102.84426975285776,0.0
4.017004954926561,2.4140993141329523,1,50.878702954073475,9.300140914626676
3.497463753635587,9.925127452689603,3,142.270268366317,7.657192206961505e-05
2.7751570021752716,2.9782683505589076,3,73.19638547808324,0.006325359393240064
2.372233675779837,7.197209086774685,2,81.30328775154781,0.0036665524140925615
4.732117258846911,8.617629156379348,1,162.24887990559853,0.11844923186711925
1.6202672023304305,4.080380826264985,3,165.88197286452245,0.000250382789451908
3.917941361454927,6.621115917563801,2,116.70496526644556,0.006590042590916059
2.5889713843684734,1.1980074554750655,3,157.40064693513523,0.28426401114563193
2.407351785769655,4.596256566684399,1,81.38045821711148,0.20464179481352698
1.5196610201444813,3.700832106822414,1,196.96575698257038,0.15689140203884386
3.7255694714850294,4.237980566070826,3,166.3976517548349,0.00980189820270046
3.4389771230522848,6.199153594757991,3,103.56431527529801,0.00016603540780563906
3.293268524109553,9.34521678213507,1,134.11094880296776,0.03875809530140888
2.437279760242133,1.8764150855093926,3,105.22723703156032,0.014369660025700788
